[{"id":"0","name":"Game Object 0","type":"1","gravity":"5","fill":"Blue","absolute":1,"collisionBlock":1,"tipe":1,"transform":{"x":0.0,"y":5.0,"xSize":50.0,"ySize":50.0},"audio":{"source":[{"name":"bit jump.mp3","path":"game/asset/bit jump.mp3"},{"name":"sfx.mp3","path":"game/asset/sfx.mp3"},{"name":"sfx.mp3","path":"/game/asset/sfx.mp3"}],"loop":0,"playAtStart":0,"volume":19,"selectedTrack":-1},"texture":{"sources":[{"name":"mario.png","path":"game/asset/mario.png"},{"name":"mario2.png","path":"game/asset/mario2.png"},{"name":"mario.png","path":"/game/asset/mario.png"}],"selectedTexture":-1}},{"id":"1","name":"Game Object 1","type":"1","gravity":"0","fill":"Blue","absolute":1,"collisionBlock":1,"tipe":1,"transform":{"x":0.0,"y":400.0,"xSize":300.0,"ySize":50.0},"audio":{"source":[],"loop":0,"playAtStart":0,"volume":1,"selectedTrack":-1},"texture":{"sources":[{"name":"logo.png","path":"/game/logo.png"},{"name":"120-1209204_ground-pixel-art-ground-png.png","path":"D:/Project/Desktop/GrafikaKomputer_GameEngine/bin/Debug/mygame/game/asset/120-1209204_ground-pixel-art-ground-png.png"},{"name":"120-1209204_ground-pixel-art-ground-png.png","path":"D:/Project/Desktop/GrafikaKomputer_GameEngine/bin/Debug/mygame/game/asset/120-1209204_ground-pixel-art-ground-png.png"}],"selectedTexture":1}},{"id":"2","name":"Game Object 2","type":"1","gravity":"0","fill":"Blue","absolute":1,"collisionBlock":1,"tipe":1,"transform":{"x":100.0,"y":380.0,"xSize":100.0,"ySize":50.0},"audio":{"source":[],"loop":0,"playAtStart":0,"volume":1,"selectedTrack":-1},"texture":{"sources":[{"name":"120-1209204_ground-pixel-art-ground-png.png","path":"D:/Project/Desktop/GrafikaKomputer_GameEngine/bin/Debug/mygame/game/asset/120-1209204_ground-pixel-art-ground-png.png"}],"selectedTexture":0}}]